Bit Width (bits),Algorithm,Execution Time (ms),CPU Usage (%),Memory Usage (MiB)
64,Barrett,0.013400014722719789,13.6,26.125
64,Montgomery,0.012599979527294636,17.0,26.1328125
64,Barrett,0.007199996616691351,16.8,26.140625
64,Montgomery,0.005199981387704611,14.3,26.15234375
64,Barrett,0.006099988240748644,14.5,26.1640625
64,Montgomery,0.004000001354143024,16.0,26.1640625
64,Barrett,0.006799993570894003,13.5,26.1640625
64,Montgomery,0.0041000021155923605,15.6,26.16796875
64,Barrett,0.006599992047995329,14.8,26.171875
64,Montgomery,0.0043000036384910345,14.2,26.171875
64,Barrett,0.007299997378140688,14.7,26.171875
64,Montgomery,0.0051000097300857306,20.6,26.171875
64,Barrett,0.006099988240748644,20.9,26.171875
64,Montgomery,0.004400004399940372,20.7,26.171875
64,Barrett,0.0053000112529844046,22.7,26.171875
64,Montgomery,0.0037999998312443495,34.0,26.171875
64,Barrett,0.006900023436173797,30.8,26.171875
64,Montgomery,0.004399975296109915,28.8,26.171875
64,Barrett,0.008100003469735384,30.4,26.171875
64,Montgomery,0.005700014298781753,28.1,26.171875
64,Barrett,0.006400019628927112,38.0,26.171875
64,Montgomery,0.0042000028770416975,29.9,26.171875
64,Barrett,0.008300004992634058,29.4,26.171875
64,Montgomery,0.005399982910603285,23.0,26.171875
64,Barrett,0.00689999433234334,23.4,26.171875
64,Montgomery,0.0041000021155923605,22.5,26.171875
64,Barrett,0.007299997378140688,23.7,26.171875
64,Montgomery,0.005199981387704611,31.0,26.171875
64,Barrett,0.007800001185387373,29.0,26.17578125
64,Montgomery,0.0049000082071870565,32.9,26.17578125
64,Barrett,0.008200004231184721,30.7,26.17578125
64,Montgomery,0.005299982149153948,28.3,26.17578125
64,Barrett,0.005999987479299307,27.0,26.17578125
64,Montgomery,0.0050000089686363935,27.7,26.17578125
64,Barrett,0.005400012014433742,25.1,26.17578125
64,Montgomery,0.0041000021155923605,20.2,26.17578125
64,Barrett,0.008000002708286047,18.0,26.20703125
64,Montgomery,0.004700006684288383,14.6,26.20703125
64,Barrett,0.006000016583129764,14.4,26.20703125
64,Montgomery,0.007199996616691351,14.0,26.20703125
64,Barrett,0.006599992047995329,16.0,26.20703125
64,Montgomery,0.0043000036384910345,13.8,26.20703125
64,Barrett,0.006200018106028438,13.9,26.20703125
64,Montgomery,0.0041000021155923605,15.2,26.20703125
64,Barrett,0.006999995093792677,15.2,26.20703125
64,Montgomery,0.0048999791033566,16.1,26.20703125
64,Barrett,0.006499991286545992,13.6,26.2109375
64,Montgomery,0.005299982149153948,14.7,26.2109375
64,Barrett,0.008600007276982069,15.1,26.21484375
64,Montgomery,0.004799978341907263,15.5,26.21484375
64,Barrett,0.007399998139590025,14.9,26.21484375
64,Montgomery,0.005799985956400633,16.1,26.21484375
64,Barrett,0.007299997378140688,13.8,26.21484375
64,Montgomery,0.013400014722719789,14.7,26.21484375
64,Barrett,0.006100017344579101,13.2,26.21484375
64,Montgomery,0.004000001354143024,14.0,26.21484375
64,Barrett,0.006000016583129764,16.0,26.21484375
64,Montgomery,0.0043000036384910345,16.7,26.21484375
64,Barrett,0.005599984433501959,14.3,26.21484375
64,Montgomery,0.0041000021155923605,14.7,26.21484375
64,Barrett,0.006499991286545992,14.3,26.21484375
64,Montgomery,0.0042000028770416975,18.8,26.21484375
64,Barrett,0.006300018867477775,16.0,26.21484375
64,Montgomery,0.003699999069795013,16.5,26.21484375
64,Barrett,0.006299989763647318,13.7,26.21484375
64,Montgomery,0.0041000021155923605,14.9,26.21484375
64,Barrett,0.005699985194951296,14.9,26.21484375
64,Montgomery,0.0046000059228390455,14.3,26.21484375
64,Barrett,0.006199989002197981,14.3,26.21484375
64,Montgomery,0.0041000021155923605,15.9,26.21484375
64,Barrett,0.007599999662488699,15.1,26.21484375
64,Montgomery,0.004799978341907263,16.1,26.21484375
64,Barrett,0.0051000097300857306,13.2,26.21484375
64,Montgomery,0.0039000005926936874,14.3,26.21484375
64,Barrett,0.006599992047995329,13.3,26.1640625
64,Montgomery,0.004400004399940372,13.7,26.1640625
64,Barrett,0.006600021151825786,14.6,26.1640625
64,Montgomery,0.0043000036384910345,17.3,26.1640625
64,Barrett,0.006000016583129764,14.9,26.1640625
64,Montgomery,0.004399975296109915,13.5,26.1640625
64,Barrett,0.005700014298781753,13.8,26.1640625
64,Montgomery,0.0039000005926936874,15.3,26.1640625
64,Barrett,0.005900015821680427,18.4,26.1640625
64,Montgomery,0.003700028173625469,14.0,26.1640625
64,Barrett,0.006499991286545992,13.9,26.1640625
64,Montgomery,0.0039000005926936874,14.3,26.1640625
64,Barrett,0.005900015821680427,15.5,26.1640625
64,Montgomery,0.0042000028770416975,16.9,26.16796875
64,Barrett,0.006500020390376449,14.9,26.16796875
64,Montgomery,0.0045000051613897085,14.8,26.16796875
64,Barrett,0.0051000097300857306,16.8,26.16796875
64,Montgomery,0.0037999998312443495,19.5,26.16796875
64,Barrett,0.00689999433234334,27.2,26.16796875
64,Montgomery,0.0042000028770416975,23.4,26.16796875
64,Barrett,0.014899997040629389,26.8,26.16796875
64,Montgomery,0.007199996616691351,33.1,26.16796875
64,Barrett,0.006599992047995329,33.8,26.16796875
64,Montgomery,0.0045000051613897085,32.1,26.16796875
64,Barrett,0.006999995093792677,32.8,26.171875
64,Montgomery,0.005799985956400633,32.3,26.171875
64,Barrett,0.014399993233382702,32.0,26.171875
64,Montgomery,0.009000010322779417,34.1,26.171875
64,Barrett,0.005699985194951296,32.0,26.171875
64,Montgomery,0.0039000005926936874,29.0,26.171875
64,Barrett,0.005700014298781753,34.8,26.171875
64,Montgomery,0.0046000059228390455,40.1,26.171875
64,Barrett,0.005600013537332416,32.1,26.171875
64,Montgomery,0.004299974534660578,28.7,26.171875
64,Barrett,0.006600021151825786,29.7,26.171875
64,Montgomery,0.004699977580457926,34.7,26.171875
64,Barrett,0.020400009816512465,48.1,26.171875
64,Montgomery,0.006499991286545992,32.8,26.171875
64,Barrett,0.006200018106028438,30.6,26.171875
64,Montgomery,0.0037999998312443495,27.3,26.171875
64,Barrett,0.008000002708286047,31.2,26.171875
64,Montgomery,0.004700006684288383,30.1,26.171875
64,Barrett,0.007299997378140688,32.0,26.171875
64,Montgomery,0.0046000059228390455,32.6,26.171875
64,Barrett,0.006599992047995329,29.8,26.171875
64,Montgomery,0.004400004399940372,36.9,26.171875
64,Barrett,0.007499998901039362,33.3,26.171875
64,Montgomery,0.004799978341907263,29.9,26.171875
64,Barrett,0.006599992047995329,26.6,26.171875
64,Montgomery,0.004400004399940372,28.4,26.171875
64,Barrett,0.00689999433234334,38.0,26.171875
64,Montgomery,0.006199989002197981,31.1,26.171875
64,Barrett,0.007099995855242014,31.3,26.171875
64,Montgomery,0.0050000089686363935,31.1,26.171875
64,Barrett,0.006499991286545992,24.4,26.171875
64,Montgomery,0.0053000112529844046,33.8,26.171875
64,Barrett,0.00899998121894896,25.7,26.17578125
64,Montgomery,0.006400019628927112,19.5,26.17578125
64,Barrett,0.005900015821680427,19.6,26.17578125
64,Montgomery,0.0045000051613897085,14.5,26.17578125
64,Barrett,0.0055000127758830794,14.2,26.17578125
64,Montgomery,0.003699999069795013,16.2,26.17578125
64,Barrett,0.006599992047995329,15.5,26.17578125
64,Montgomery,0.0042000028770416975,18.8,26.17578125
64,Barrett,0.006299989763647318,16.8,26.17578125
64,Montgomery,0.0035999983083456755,15.2,26.17578125
64,Barrett,0.00689999433234334,15.7,26.17578125
64,Montgomery,0.0046000059228390455,15.5,26.17578125
64,Barrett,0.005699985194951296,18.0,26.17578125
64,Montgomery,0.0041000021155923605,20.3,26.17578125
64,Barrett,0.007099995855242014,18.3,26.17578125
64,Montgomery,0.0050000089686363935,15.5,26.17578125
64,Barrett,0.006999995093792677,16.0,26.17578125
64,Montgomery,0.0053000112529844046,16.1,26.17578125
64,Barrett,0.006599992047995329,15.8,26.1796875
64,Montgomery,0.0045000051613897085,16.4,26.1796875
64,Barrett,0.006199989002197981,15.0,26.1796875
64,Montgomery,0.0041000021155923605,16.7,26.1796875
64,Barrett,0.009800016414374111,17.1,26.1796875
64,Montgomery,0.006199989002197981,13.7,26.1796875
64,Barrett,0.006199989002197981,14.2,26.1796875
64,Montgomery,0.0046000059228390455,15.8,26.1796875
64,Barrett,0.007199996616691351,14.8,26.1796875
64,Montgomery,0.0045000051613897085,16.6,26.1796875
64,Barrett,0.006199989002197981,14.2,26.15625
64,Montgomery,0.0055000127758830794,14.3,26.15625
64,Barrett,0.006700021913275123,13.8,26.15625
64,Montgomery,0.0051000097300857306,13.6,26.15625
64,Barrett,0.006000016583129764,15.1,26.15625
64,Montgomery,0.0039000005926936874,16.4,26.15625
64,Barrett,0.005700014298781753,13.9,26.15625
64,Montgomery,0.003699999069795013,15.1,26.15625
64,Barrett,0.006299989763647318,14.1,26.15625
64,Montgomery,0.004000001354143024,15.2,26.15625
64,Barrett,0.00589998671784997,15.6,26.15625
64,Montgomery,0.0043000036384910345,15.8,26.15625
64,Barrett,0.007199996616691351,13.9,26.15625
64,Montgomery,0.005299982149153948,13.9,26.15625
64,Barrett,0.005999987479299307,14.3,26.16015625
64,Montgomery,0.0043000036384910345,15.6,26.16015625
64,Barrett,0.006699992809444666,13.6,26.16015625
64,Montgomery,0.0045000051613897085,15.0,26.16015625
64,Barrett,0.00580001506023109,16.2,26.16015625
64,Montgomery,0.0039000005926936874,13.9,26.16015625
64,Barrett,0.00689999433234334,15.8,26.16015625
64,Montgomery,0.0055000127758830794,15.7,26.16015625
64,Barrett,0.005700014298781753,14.9,26.16015625
64,Montgomery,0.0037999998312443495,13.9,26.16015625
64,Barrett,0.006199989002197981,14.3,26.16015625
64,Montgomery,0.0045000051613897085,14.2,26.16015625
64,Barrett,0.006499991286545992,16.0,26.16015625
64,Montgomery,0.0046000059228390455,14.1,26.16015625
64,Barrett,0.005700014298781753,13.7,26.16015625
64,Montgomery,0.004400004399940372,14.7,26.16015625
64,Barrett,0.006799993570894003,14.4,26.16015625
64,Montgomery,0.0045000051613897085,19.0,26.16015625
64,Barrett,0.006099988240748644,14.4,26.16015625
64,Montgomery,0.0042000028770416975,12.7,26.16015625
64,Barrett,0.006200018106028438,14.0,26.16015625
64,Montgomery,0.004400004399940372,14.6,26.16015625
64,Barrett,0.005299982149153948,14.4,26.16015625
64,Montgomery,0.0039000005926936874,16.5,26.16015625
64,Barrett,0.006099988240748644,14.5,26.16015625
64,Montgomery,0.003699999069795013,13.6,26.16015625
64,Barrett,0.006399990525096655,13.9,26.16015625
64,Montgomery,0.0037999998312443495,14.2,26.16015625
256,Barrett,0.006400019628927112,17.1,26.19140625
256,Montgomery,0.005999987479299307,14.6,26.19140625
256,Barrett,0.007399998139590025,14.8,26.19140625
256,Montgomery,0.005200010491535068,13.8,26.19140625
256,Barrett,0.008100003469735384,14.5,26.19140625
256,Montgomery,0.0046000059228390455,15.2,26.19140625
256,Barrett,0.008400005754083395,15.9,26.19140625
256,Montgomery,0.004700006684288383,13.7,26.19140625
256,Barrett,0.006999995093792677,13.6,26.19140625
256,Montgomery,0.004400004399940372,14.2,26.19140625
256,Barrett,0.007899972843006253,16.6,26.19140625
256,Montgomery,0.0042000028770416975,13.5,26.19140625
256,Barrett,0.006599992047995329,14.8,26.19140625
256,Montgomery,0.0039000005926936874,13.1,26.19140625
256,Barrett,0.007599999662488699,16.0,26.19140625
256,Montgomery,0.0045000051613897085,14.6,26.19140625
256,Barrett,0.007099995855242014,16.2,26.19140625
256,Montgomery,0.0045000051613897085,13.8,26.19140625
256,Barrett,0.007199996616691351,13.9,26.1953125
256,Montgomery,0.0046000059228390455,13.9,26.1953125
256,Barrett,0.007300026481971145,13.7,26.1953125
256,Montgomery,0.004699977580457926,16.6,26.1953125
256,Barrett,0.018499995348975062,14.0,26.1953125
256,Montgomery,0.004700006684288383,14.1,26.1953125
256,Barrett,0.008000002708286047,13.1,26.1953125
256,Montgomery,0.00480000744573772,14.3,26.1953125
256,Barrett,0.008599978173151612,15.1,26.1953125
256,Montgomery,0.0049000082071870565,17.1,26.1953125
256,Barrett,0.00790000194683671,14.9,26.1953125
256,Montgomery,0.005200010491535068,15.2,26.1953125
256,Barrett,0.008600007276982069,13.6,26.1953125
256,Montgomery,0.005099980626255274,14.2,26.1953125
256,Barrett,0.008000002708286047,17.6,26.1953125
256,Montgomery,0.0049000082071870565,14.3,26.1953125
256,Barrett,0.008199975127354264,13.6,26.1953125
256,Montgomery,0.0050000089686363935,16.1,26.1953125
256,Barrett,0.008800008799880743,13.8,26.1953125
256,Montgomery,0.005200010491535068,16.1,26.1953125
256,Barrett,0.008100003469735384,14.7,26.1953125
256,Montgomery,0.005099980626255274,14.2,26.1953125
256,Barrett,0.007299997378140688,15.0,26.1953125
256,Montgomery,0.004400004399940372,16.8,26.1953125
256,Barrett,0.008500006515532732,15.2,26.1953125
256,Montgomery,0.00480000744573772,15.3,26.1953125
256,Barrett,0.006799993570894003,14.3,26.1953125
256,Montgomery,0.0043000036384910345,14.6,26.1953125
256,Barrett,0.00790000194683671,14.5,26.1953125
256,Montgomery,0.0053000112529844046,16.2,26.1953125
256,Barrett,0.007499998901039362,14.8,26.19921875
256,Montgomery,0.004699977580457926,15.2,26.19921875
256,Barrett,0.008400005754083395,15.4,26.19921875
256,Montgomery,0.0049000082071870565,14.6,26.19921875
256,Barrett,0.00799997360445559,14.2,26.19921875
256,Montgomery,0.0050000089686363935,17.1,26.19921875
256,Barrett,0.008200004231184721,15.4,26.19921875
256,Montgomery,0.004700006684288383,16.5,26.19921875
256,Barrett,0.007299997378140688,14.2,26.203125
256,Montgomery,0.004799978341907263,14.2,26.203125
256,Barrett,0.00790000194683671,16.9,26.203125
256,Montgomery,0.004399975296109915,15.3,26.203125
256,Barrett,0.007199996616691351,13.9,26.203125
256,Montgomery,0.0051000097300857306,13.5,26.203125
256,Barrett,0.009800016414374111,13.1,26.203125
256,Montgomery,0.00589998671784997,13.6,26.203125
256,Barrett,0.006999995093792677,16.2,26.203125
256,Montgomery,0.0041000021155923605,13.9,26.203125
256,Barrett,0.008299975888803601,14.1,26.203125
256,Montgomery,0.0050000089686363935,15.3,26.203125
256,Barrett,0.007599999662488699,14.4,26.203125
256,Montgomery,0.0046000059228390455,14.3,26.203125
256,Barrett,0.011299998732283711,15.9,26.203125
256,Montgomery,0.006999995093792677,14.7,26.203125
256,Barrett,0.007100024959072471,13.7,26.203125
256,Montgomery,0.004799978341907263,14.0,26.203125
256,Barrett,0.006000016583129764,13.5,26.203125
256,Montgomery,0.004400004399940372,16.7,26.203125
256,Barrett,0.00799997360445559,14.1,26.203125
256,Montgomery,0.0053000112529844046,14.9,26.203125
256,Barrett,0.006699992809444666,14.8,26.203125
256,Montgomery,0.004400004399940372,14.4,26.203125
256,Barrett,0.008599978173151612,15.9,26.203125
256,Montgomery,0.00480000744573772,15.8,26.203125
256,Barrett,0.007599999662488699,14.2,26.203125
256,Montgomery,0.00589998671784997,13.7,26.28125
256,Barrett,0.00689999433234334,14.3,26.28515625
256,Montgomery,0.0046000059228390455,13.4,26.29296875
256,Barrett,0.00790000194683671,16.3,26.296875
256,Montgomery,0.005200010491535068,14.3,26.296875
256,Barrett,0.007099995855242014,14.0,26.296875
256,Montgomery,0.0050000089686363935,13.6,26.296875
256,Barrett,0.006699992809444666,14.2,26.296875
256,Montgomery,0.0042000028770416975,15.5,26.296875
256,Barrett,0.007199996616691351,14.5,26.296875
256,Montgomery,0.0045000051613897085,16.3,26.296875
256,Barrett,0.010600022505968807,13.3,26.296875
256,Montgomery,0.005599984433501959,14.4,26.296875
256,Barrett,0.008600007276982069,19.0,26.296875
256,Montgomery,0.0049000082071870565,19.5,26.296875
256,Barrett,0.0109999964479357,13.7,26.30078125
256,Montgomery,0.010399991879239678,13.9,26.3046875
256,Barrett,0.007099995855242014,12.9,26.3046875
256,Montgomery,0.0050000089686363935,15.6,26.36328125
256,Barrett,0.008199975127354264,13.8,26.36328125
256,Montgomery,0.0046000059228390455,14.1,26.36328125
256,Barrett,0.007599999662488699,16.2,26.36328125
256,Montgomery,0.0045000051613897085,14.5,26.36328125
256,Barrett,0.013200013199821116,14.9,26.44140625
256,Montgomery,0.02400000812485814,15.4,26.4609375
256,Barrett,0.006799993570894003,14.2,26.4609375
256,Montgomery,0.0041000021155923605,16.2,26.4609375
256,Barrett,0.008500006515532732,13.6,26.4609375
256,Montgomery,0.0049000082071870565,14.1,26.4609375
256,Barrett,0.008300004992634058,15.4,26.4609375
256,Montgomery,0.004999979864805937,15.9,26.4609375
256,Barrett,0.006799993570894003,13.6,26.4609375
256,Montgomery,0.004700006684288383,13.7,26.4609375
256,Barrett,0.007599999662488699,14.1,26.4609375
256,Montgomery,0.0045000051613897085,19.3,26.4609375
256,Barrett,0.007899972843006253,15.3,26.4609375
256,Montgomery,0.0049000082071870565,13.8,26.4609375
256,Barrett,0.00790000194683671,13.3,26.4609375
256,Montgomery,0.005199981387704611,15.7,26.4609375
256,Barrett,0.007199996616691351,18.9,26.4609375
256,Montgomery,0.00480000744573772,14.1,26.4609375
256,Barrett,0.007300026481971145,21.2,26.4609375
256,Montgomery,0.004599976819008589,22.3,26.4609375
256,Barrett,0.010899995686486363,20.5,26.4609375
256,Montgomery,0.006599992047995329,23.4,26.4609375
256,Barrett,0.008600007276982069,21.3,26.4609375
256,Montgomery,0.005099980626255274,15.0,26.4609375
256,Barrett,0.011900003300979732,14.4,26.4609375
256,Montgomery,0.006699992809444666,14.5,26.4609375
256,Barrett,0.006699992809444666,14.0,26.4609375
256,Montgomery,0.0041000021155923605,16.4,26.4609375
256,Barrett,0.007299997378140688,14.1,26.4609375
256,Montgomery,0.004400004399940372,13.6,26.4609375
256,Barrett,0.007199996616691351,13.7,26.4609375
256,Montgomery,0.0043000036384910345,16.4,26.4609375
256,Barrett,0.008400005754083395,15.5,26.4609375
256,Montgomery,0.00480000744573772,13.3,26.4609375
256,Barrett,0.007399998139590025,15.5,26.4609375
256,Montgomery,0.004400004399940372,14.5,26.4609375
256,Barrett,0.006599992047995329,20.9,26.46484375
256,Montgomery,0.0043000036384910345,21.7,26.46484375
256,Barrett,0.008400005754083395,23.0,26.46484375
256,Montgomery,0.0053000112529844046,24.4,26.46484375
256,Barrett,0.008400005754083395,33.4,26.46484375
256,Montgomery,0.004700006684288383,29.2,26.46484375
256,Barrett,0.00999998883344233,30.9,26.46484375
256,Montgomery,0.0046000059228390455,31.5,26.46484375
256,Barrett,0.007800001185387373,30.0,26.46875
256,Montgomery,0.005200010491535068,27.0,26.46875
256,Barrett,0.008600007276982069,33.5,26.46875
256,Montgomery,0.0051000097300857306,34.2,26.46875
256,Barrett,0.008100003469735384,26.9,26.46875
256,Montgomery,0.0045000051613897085,25.1,26.46875
256,Barrett,0.007499998901039362,21.7,26.46875
256,Montgomery,0.004400004399940372,19.9,26.46875
256,Barrett,0.007199996616691351,31.7,26.46875
256,Montgomery,0.0045000051613897085,27.8,26.46875
256,Barrett,0.009799987310543656,31.8,26.46875
256,Montgomery,0.005900015821680427,29.5,26.46875
256,Barrett,0.012599979527294636,28.6,26.46875
256,Montgomery,0.006599992047995329,25.7,26.46875
256,Barrett,0.008700008038431406,26.9,26.46875
256,Montgomery,0.005299982149153948,23.5,26.46875
256,Barrett,0.007199996616691351,25.7,26.46875
256,Montgomery,0.004400004399940372,17.3,26.46875
256,Barrett,0.007800001185387373,21.7,26.46875
256,Montgomery,0.0046000059228390455,14.6,26.5
256,Barrett,0.007099995855242014,15.3,26.5
256,Montgomery,0.0041000021155923605,16.9,26.5
256,Barrett,0.008500006515532732,14.1,26.5
256,Montgomery,0.004799978341907263,17.3,26.5
256,Barrett,0.007700000423938036,15.7,26.5
256,Montgomery,0.0050000089686363935,14.4,26.5
256,Barrett,0.008700008038431406,15.8,26.5
256,Montgomery,0.005099980626255274,13.7,26.5
256,Barrett,0.008199975127354264,14.4,26.5
256,Montgomery,0.005600013537332416,15.9,26.5
256,Barrett,0.007499998901039362,14.5,26.5
256,Montgomery,0.00480000744573772,17.2,26.5
256,Barrett,0.007000024197623134,14.6,26.5
256,Montgomery,0.004399975296109915,15.9,26.5
256,Barrett,0.00790000194683671,16.5,26.5
256,Montgomery,0.005199981387704611,14.2,26.5
256,Barrett,0.007800001185387373,14.6,26.5
256,Montgomery,0.00480000744573772,13.5,26.50390625
256,Barrett,0.008300004992634058,14.6,26.50390625
256,Montgomery,0.004700006684288383,16.1,26.50390625
256,Barrett,0.007299997378140688,15.1,26.50390625
256,Montgomery,0.004400004399940372,13.5,26.50390625
256,Barrett,0.007800001185387373,13.5,26.50390625
256,Montgomery,0.0049000082071870565,14.2,26.50390625
256,Barrett,0.007800001185387373,17.9,26.5078125
256,Montgomery,0.0053000112529844046,14.6,26.5078125
256,Barrett,0.008299975888803601,14.4,26.5078125
256,Montgomery,0.0051000097300857306,16.2,26.5078125
256,Barrett,0.007099995855242014,15.1,26.5078125
256,Montgomery,0.004499976057559252,16.8,26.5078125
512,Barrett,0.005699985194951296,14.8,26.5078125
512,Montgomery,0.007499998901039362,14.0,26.5078125
512,Barrett,0.007499998901039362,14.5,26.51171875
512,Montgomery,0.008500006515532732,14.2,26.51171875
512,Barrett,0.008300004992634058,13.4,26.51171875
512,Montgomery,0.006000016583129764,17.9,26.51171875
512,Barrett,0.008100003469735384,13.8,26.51171875
512,Montgomery,0.0055000127758830794,16.1,26.51171875
512,Barrett,0.007599999662488699,15.0,26.51171875
512,Montgomery,0.0050000089686363935,13.8,26.51171875
512,Barrett,0.008000002708286047,15.3,26.51171875
512,Montgomery,0.0055000127758830794,15.9,26.51171875
512,Barrett,0.007599999662488699,14.5,26.51171875
512,Montgomery,0.0055000127758830794,13.7,26.51171875
512,Barrett,0.007499998901039362,14.1,26.51171875
512,Montgomery,0.006299989763647318,16.0,26.51171875
512,Barrett,0.008000002708286047,13.8,26.51171875
512,Montgomery,0.0053000112529844046,14.6,26.51171875
512,Barrett,0.00689999433234334,13.7,26.51171875
512,Montgomery,0.005199981387704611,15.2,26.51171875
512,Barrett,0.008499977411702275,15.2,26.51171875
512,Montgomery,0.006000016583129764,13.2,26.51171875
512,Barrett,0.007799972081556916,14.3,26.51171875
512,Montgomery,0.006100017344579101,13.8,26.51171875
512,Barrett,0.006999995093792677,13.9,26.51171875
512,Montgomery,0.004999979864805937,15.2,26.51171875
512,Barrett,0.007599999662488699,13.6,26.515625
512,Montgomery,0.005599984433501959,14.1,26.515625
512,Barrett,0.01270000939257443,14.2,26.515625
512,Montgomery,0.008100003469735384,14.4,26.515625
512,Barrett,0.008200004231184721,16.4,26.515625
512,Montgomery,0.005400012014433742,14.8,26.515625
512,Barrett,0.008600007276982069,13.6,26.515625
512,Montgomery,0.005999987479299307,14.7,26.515625
512,Barrett,0.009399984264746308,13.9,26.515625
512,Montgomery,0.006299989763647318,15.9,26.515625
512,Barrett,0.007599999662488699,14.0,26.515625
512,Montgomery,0.005199981387704611,14.0,26.515625
512,Barrett,0.00790000194683671,13.4,26.515625
512,Montgomery,0.005299982149153948,13.9,26.515625
512,Barrett,0.009099981980398296,16.6,26.515625
512,Montgomery,0.006000016583129764,14.0,26.515625
512,Barrett,0.007499998901039362,13.7,26.515625
512,Montgomery,0.005399982910603285,15.0,26.515625
512,Barrett,0.010799994925037026,15.5,26.515625
512,Montgomery,0.007099995855242014,14.4,26.515625
512,Barrett,0.007499998901039362,16.8,26.515625
512,Montgomery,0.005499983672052622,13.8,26.515625
512,Barrett,0.007399998139590025,13.7,26.515625
512,Montgomery,0.005600013537332416,13.8,26.515625
512,Barrett,0.008500006515532732,14.5,26.515625
512,Montgomery,0.005700014298781753,17.1,26.515625
512,Barrett,0.007199996616691351,13.7,26.51953125
512,Montgomery,0.005999987479299307,13.9,26.51953125
512,Barrett,0.00799997360445559,13.1,26.51953125
512,Montgomery,0.0053000112529844046,14.6,26.51953125
512,Barrett,0.030700000934302807,17.7,26.51953125
512,Montgomery,0.008200004231184721,16.0,26.51953125
512,Barrett,0.006400019628927112,15.5,26.51953125
512,Montgomery,0.005299982149153948,13.9,26.51953125
512,Barrett,0.008100003469735384,13.5,26.51953125
512,Montgomery,0.0053000112529844046,15.3,26.51953125
512,Barrett,0.008000002708286047,13.9,26.51953125
512,Montgomery,0.00689999433234334,13.8,26.51953125
512,Barrett,0.010199990356341004,14.3,26.51953125
512,Montgomery,0.006599992047995329,13.8,26.51953125
512,Barrett,0.007300026481971145,14.0,26.51953125
512,Montgomery,0.0055000127758830794,16.5,26.51953125
512,Barrett,0.00899998121894896,16.2,26.51953125
512,Montgomery,0.006700021913275123,13.6,26.5234375
512,Barrett,0.007499998901039362,15.0,26.5234375
512,Montgomery,0.0053000112529844046,14.2,26.5234375
512,Barrett,0.007199996616691351,15.3,26.5234375
512,Montgomery,0.005200010491535068,15.1,26.5234375
512,Barrett,0.007299997378140688,13.9,26.5234375
512,Montgomery,0.006099988240748644,14.3,26.5234375
512,Barrett,0.007499998901039362,13.6,26.5234375
512,Montgomery,0.005799985956400633,15.4,26.5234375
512,Barrett,0.01069999416358769,13.6,26.5234375
512,Montgomery,0.00589998671784997,13.7,26.5234375
512,Barrett,0.007199996616691351,14.9,26.5234375
512,Montgomery,0.0049000082071870565,13.5,26.5234375
512,Barrett,0.007899972843006253,14.9,26.5234375
512,Montgomery,0.00580001506023109,16.8,26.5234375
512,Barrett,0.008200004231184721,14.0,26.5234375
512,Montgomery,0.006099988240748644,14.0,26.5234375
512,Barrett,0.008800008799880743,13.3,26.5234375
512,Montgomery,0.006099988240748644,15.5,26.5234375
512,Barrett,0.008000002708286047,13.3,26.5234375
512,Montgomery,0.005499983672052622,15.6,26.5234375
512,Barrett,0.007399998139590025,14.0,26.5234375
512,Montgomery,0.0053000112529844046,13.2,26.5234375
512,Barrett,0.008400005754083395,13.7,26.5234375
512,Montgomery,0.006000016583129764,15.3,26.5234375
512,Barrett,0.007700000423938036,14.3,26.5234375
512,Montgomery,0.005999987479299307,14.6,26.5234375
512,Barrett,0.008499977411702275,14.1,26.5234375
512,Montgomery,0.0055000127758830794,14.3,26.4921875
512,Barrett,0.007800001185387373,15.6,26.4921875
512,Montgomery,0.006100017344579101,15.1,26.4921875
512,Barrett,0.007499998901039362,13.9,26.4921875
512,Montgomery,0.005700014298781753,13.5,26.4921875
512,Barrett,0.008599978173151612,13.3,26.49609375
512,Montgomery,0.00680002267472446,16.5,26.49609375
512,Barrett,0.007700000423938036,15.0,26.49609375
512,Montgomery,0.005099980626255274,15.4,26.49609375
512,Barrett,0.008100003469735384,14.0,26.49609375
512,Montgomery,0.006299989763647318,14.1,26.49609375
512,Barrett,0.008600007276982069,14.6,26.49609375
512,Montgomery,0.007499998901039362,16.8,26.49609375
512,Barrett,0.008700008038431406,13.7,26.49609375
512,Montgomery,0.005900015821680427,13.5,26.49609375
512,Barrett,0.007300026481971145,13.5,26.5
512,Montgomery,0.0051000097300857306,14.0,26.5
512,Barrett,0.00790000194683671,15.5,26.5
512,Montgomery,0.0051000097300857306,14.3,26.5
512,Barrett,0.007599999662488699,13.6,26.5
512,Montgomery,0.005099980626255274,13.6,26.5
512,Barrett,0.007499998901039362,13.6,26.5
512,Montgomery,0.005199981387704611,16.5,26.5
512,Barrett,0.006799993570894003,13.6,26.5
512,Montgomery,0.005400012014433742,14.9,26.5
512,Barrett,0.02410000888630748,13.0,26.5
512,Montgomery,0.006300018867477775,13.6,26.5
512,Barrett,0.007299997378140688,15.4,26.5
512,Montgomery,0.0053000112529844046,15.7,26.5
512,Barrett,0.007299997378140688,14.2,26.5
512,Montgomery,0.006299989763647318,15.0,26.5
512,Barrett,0.00790000194683671,14.8,26.5
512,Montgomery,0.005699985194951296,13.3,26.5
512,Barrett,0.008300004992634058,15.8,26.5
512,Montgomery,0.005600013537332416,13.4,26.5
512,Barrett,0.008500006515532732,13.2,26.5
512,Montgomery,0.006099988240748644,15.2,26.5
512,Barrett,0.007299997378140688,15.6,26.5
512,Montgomery,0.0053000112529844046,18.7,26.5
512,Barrett,0.006999995093792677,13.6,26.5
512,Montgomery,0.005199981387704611,14.8,26.5
512,Barrett,0.007199996616691351,13.0,26.5
512,Montgomery,0.005600013537332416,14.4,26.5
512,Barrett,0.008000002708286047,16.2,26.5
512,Montgomery,0.0051000097300857306,15.0,26.5
512,Barrett,0.009099981980398296,14.6,26.5
512,Montgomery,0.00580001506023109,13.9,26.5
512,Barrett,0.007399998139590025,13.8,26.5
512,Montgomery,0.005999987479299307,15.3,26.5
512,Barrett,0.007599999662488699,13.8,26.5
512,Montgomery,0.005600013537332416,16.4,26.5
512,Barrett,0.00790000194683671,13.0,26.5
512,Montgomery,0.005200010491535068,13.9,26.5
512,Barrett,0.007399998139590025,15.4,26.5
512,Montgomery,0.005299982149153948,14.7,26.5
512,Barrett,0.009299983503296971,13.9,26.5
512,Montgomery,0.006000016583129764,13.7,26.5
512,Barrett,0.008500006515532732,15.0,26.50390625
512,Montgomery,0.006100017344579101,13.5,26.50390625
512,Barrett,0.008000002708286047,15.7,26.50390625
512,Montgomery,0.00580001506023109,13.8,26.5078125
512,Barrett,0.008200004231184721,14.0,26.5078125
512,Montgomery,0.006200018106028438,14.6,26.5078125
512,Barrett,0.007000024197623134,14.9,26.5078125
512,Montgomery,0.005399982910603285,14.6,26.5078125
512,Barrett,0.007399998139590025,13.1,26.5078125
512,Montgomery,0.005200010491535068,14.2,26.5078125
512,Barrett,0.007499998901039362,13.9,26.5078125
512,Montgomery,0.005700014298781753,14.9,26.5078125
512,Barrett,0.00790000194683671,17.0,26.5078125
512,Montgomery,0.005599984433501959,12.9,26.5078125
512,Barrett,0.008300004992634058,13.5,26.5078125
512,Montgomery,0.006299989763647318,14.6,26.5078125
512,Barrett,0.007499998901039362,13.9,26.5078125
512,Montgomery,0.005400012014433742,14.1,26.5078125
512,Barrett,0.008700008038431406,15.7,26.5078125
512,Montgomery,0.005499983672052622,14.1,26.5078125
512,Barrett,0.008399976650252938,14.6,26.5078125
512,Montgomery,0.006000016583129764,13.8,26.5078125
512,Barrett,0.01279998105019331,13.2,26.5078125
512,Montgomery,0.007800001185387373,14.3,26.5078125
512,Barrett,0.008300004992634058,15.5,26.5078125
512,Montgomery,0.005299982149153948,13.9,26.5078125
512,Barrett,0.007599999662488699,14.2,26.5078125
512,Montgomery,0.004700006684288383,13.9,26.5078125
512,Barrett,0.007299997378140688,18.8,26.5078125
512,Montgomery,0.005400012014433742,14.1,26.5078125
512,Barrett,0.008799979696050286,23.3,26.5078125
512,Montgomery,0.006100017344579101,18.1,26.5078125
512,Barrett,0.007100024959072471,17.9,26.5078125
512,Montgomery,0.006200018106028438,12.5,26.5078125
512,Barrett,0.007499998901039362,16.1,26.5078125
512,Montgomery,0.005499983672052622,14.1,26.5078125
512,Barrett,0.007299997378140688,14.4,26.5078125
512,Montgomery,0.006999995093792677,13.8,26.5078125
512,Barrett,0.007500028004869819,14.4,26.5078125
512,Montgomery,0.005199981387704611,15.9,26.5078125
512,Barrett,0.007800001185387373,12.5,26.5078125
512,Montgomery,0.006100017344579101,14.1,26.5078125
512,Barrett,0.006500020390376449,15.7,26.51171875
512,Montgomery,0.005499983672052622,14.0,26.51171875
512,Barrett,0.007599999662488699,15.7,26.51171875
512,Montgomery,0.005499983672052622,16.4,26.51171875
1024,Barrett,0.008600007276982069,13.9,26.5234375
1024,Montgomery,0.01300001167692244,13.6,26.5234375
1024,Barrett,0.007700000423938036,13.2,26.5234375
1024,Montgomery,0.010899995686486363,13.7,26.5234375
1024,Barrett,0.010799994925037026,16.0,26.5234375
1024,Montgomery,0.013500015484169126,13.9,26.5234375
1024,Barrett,0.009099981980398296,13.1,26.52734375
1024,Montgomery,0.009300012607127428,14.2,26.52734375
1024,Barrett,0.008000002708286047,13.6,26.52734375
1024,Montgomery,0.009000010322779417,14.4,26.52734375
1024,Barrett,0.016300007700920105,16.2,26.52734375
1024,Montgomery,0.008600007276982069,13.4,26.52734375
1024,Barrett,0.019400002202019092,14.5,26.52734375
1024,Montgomery,0.01020001946017146,14.6,26.52734375
1024,Barrett,0.006799993570894003,14.4,26.52734375
1024,Montgomery,0.008300004992634058,14.0,26.52734375
1024,Barrett,0.008899980457499623,16.0,26.52734375
1024,Montgomery,0.009500014130026102,13.2,26.52734375
1024,Barrett,0.007099995855242014,16.1,26.52734375
1024,Montgomery,0.008200004231184721,17.5,26.52734375
1024,Barrett,0.008300004992634058,20.3,25.96875
1024,Montgomery,0.008200004231184721,21.8,25.96875
1024,Barrett,0.008700008038431406,14.0,25.96875
1024,Montgomery,0.00899998121894896,13.4,25.96875
1024,Barrett,0.007099995855242014,13.8,25.96875
1024,Montgomery,0.008400005754083395,15.1,25.96875
1024,Barrett,0.008600007276982069,16.8,25.96875
1024,Montgomery,0.009099981980398296,16.4,25.96875
1024,Barrett,0.007299997378140688,16.1,25.96875
1024,Montgomery,0.008800008799880743,15.6,25.96875
1024,Barrett,0.007700000423938036,13.4,25.96875
1024,Montgomery,0.00790000194683671,15.1,25.96875
1024,Barrett,0.008300004992634058,13.0,25.96875
1024,Montgomery,0.00869997893460095,15.6,25.96875
1024,Barrett,0.008100003469735384,13.7,25.96875
1024,Montgomery,0.008599978173151612,13.8,25.96875
1024,Barrett,0.007700000423938036,13.7,25.96875
1024,Montgomery,0.008000002708286047,15.2,25.96875
1024,Barrett,0.008300004992634058,13.5,25.96875
1024,Montgomery,0.009099981980398296,15.3,25.97265625
1024,Barrett,0.006999995093792677,13.9,25.97265625
1024,Montgomery,0.007700000423938036,13.7,25.97265625
1024,Barrett,0.008200004231184721,20.5,25.97265625
1024,Montgomery,0.008700008038431406,15.0,25.97265625
1024,Barrett,0.008100003469735384,13.3,25.97265625
1024,Montgomery,0.008200004231184721,14.6,25.97265625
1024,Barrett,0.007700000423938036,13.9,25.97265625
1024,Montgomery,0.008899980457499623,13.9,25.97265625
1024,Barrett,0.007299997378140688,17.2,25.97265625
1024,Montgomery,0.008300004992634058,15.5,25.97265625
1024,Barrett,0.007399998139590025,13.7,25.97265625
1024,Montgomery,0.008400005754083395,15.6,25.97265625
1024,Barrett,0.008000002708286047,17.3,25.97265625
1024,Montgomery,0.00869997893460095,15.7,25.97265625
1024,Barrett,0.007199996616691351,13.7,25.97265625
1024,Montgomery,0.008200004231184721,13.7,25.97265625
1024,Barrett,0.008000002708286047,14.6,25.9765625
1024,Montgomery,0.008000002708286047,14.9,25.9765625
1024,Barrett,0.016400008462369442,15.6,25.9765625
1024,Montgomery,0.01580000389367342,13.7,25.9765625
1024,Barrett,0.00689999433234334,13.3,25.9765625
1024,Montgomery,0.008000002708286047,14.2,25.9765625
1024,Barrett,0.007499998901039362,14.1,25.9765625
1024,Montgomery,0.007499998901039362,13.8,25.9765625
1024,Barrett,0.012600008631125093,15.9,25.9765625
1024,Montgomery,0.01069999416358769,14.2,25.9765625
1024,Barrett,0.006199989002197981,14.6,25.9765625
1024,Montgomery,0.007299997378140688,15.0,25.9765625
1024,Barrett,0.007700000423938036,13.4,25.9765625
1024,Montgomery,0.008100003469735384,14.9,25.9765625
1024,Barrett,0.007700000423938036,13.8,25.9765625
1024,Montgomery,0.009000010322779417,13.6,25.9765625
1024,Barrett,0.007099995855242014,14.5,25.9765625
1024,Montgomery,0.007499998901039362,14.4,25.9765625
1024,Barrett,0.008599978173151612,13.9,25.9765625
1024,Montgomery,0.00890000956133008,16.0,25.9765625
1024,Barrett,0.007800001185387373,13.9,25.9765625
1024,Montgomery,0.008200004231184721,17.9,25.9765625
1024,Barrett,0.008100003469735384,17.6,25.9765625
1024,Montgomery,0.009100011084228754,15.4,25.9765625
1024,Barrett,0.007199996616691351,19.3,25.9765625
1024,Montgomery,0.008500006515532732,18.9,25.9765625
1024,Barrett,0.029199989512562752,13.5,25.98046875
1024,Montgomery,0.013999990187585354,13.8,25.98046875
1024,Barrett,0.007499998901039362,15.6,25.98046875
1024,Montgomery,0.007700000423938036,14.3,25.98046875
1024,Barrett,0.007700000423938036,15.3,25.98046875
1024,Montgomery,0.008700008038431406,13.8,25.98046875
1024,Barrett,0.008700008038431406,13.9,25.98046875
1024,Montgomery,0.009400013368576763,15.3,25.98046875
1024,Barrett,0.007399998139590025,14.3,25.98046875
1024,Montgomery,0.00790000194683671,15.0,25.98046875
1024,Barrett,0.007800001185387373,16.1,25.98046875
1024,Montgomery,0.008100003469735384,14.7,25.98046875
1024,Barrett,0.007800001185387373,13.9,25.98046875
1024,Montgomery,0.008000002708286047,13.7,25.98046875
1024,Barrett,0.007599999662488699,14.4,25.98046875
1024,Montgomery,0.008200004231184721,16.4,25.98046875
1024,Barrett,0.00680002267472446,14.1,25.98046875
1024,Montgomery,0.007199996616691351,13.7,25.98046875
1024,Barrett,0.011899974197149277,13.5,25.98046875
1024,Montgomery,0.00990001717582345,13.8,25.98046875
1024,Barrett,0.008000002708286047,15.9,25.98046875
1024,Montgomery,0.008499977411702275,14.6,25.98046875
1024,Barrett,0.006499991286545992,13.8,25.98046875
1024,Montgomery,0.00790000194683671,14.7,25.98046875
1024,Barrett,0.01930000144056976,19.1,25.984375
1024,Montgomery,0.016200006939470768,15.4,25.984375
1024,Barrett,0.013899989426136017,14.5,25.984375
1024,Montgomery,0.029300019377842546,16.6,25.984375
1024,Barrett,0.007700000423938036,16.3,25.984375
1024,Montgomery,0.00790000194683671,13.9,25.984375
1024,Barrett,0.008600007276982069,14.5,25.984375
1024,Montgomery,0.007599999662488699,15.9,25.984375
1024,Barrett,0.008100003469735384,15.0,25.984375
1024,Montgomery,0.008400005754083395,13.0,25.984375
1024,Barrett,0.007299997378140688,13.5,25.984375
1024,Montgomery,0.007800001185387373,13.8,25.984375
1024,Barrett,0.007199996616691351,14.9,25.984375
1024,Montgomery,0.007599999662488699,14.7,25.984375
1024,Barrett,0.012800010154023768,16.6,25.984375
1024,Montgomery,0.010599993402138352,14.2,25.984375
1024,Barrett,0.007199996616691351,14.2,25.984375
1024,Montgomery,0.008200004231184721,14.9,25.984375
1024,Barrett,0.007700000423938036,14.2,25.984375
1024,Montgomery,0.00869997893460095,16.5,25.984375
1024,Barrett,0.007700000423938036,14.5,25.984375
1024,Montgomery,0.008400005754083395,20.5,25.98828125
1024,Barrett,0.007199996616691351,21.9,25.98828125
1024,Montgomery,0.007299997378140688,20.6,25.98828125
1024,Barrett,0.008200004231184721,22.0,25.98828125
1024,Montgomery,0.008400005754083395,31.4,25.98828125
1024,Barrett,0.008300004992634058,27.7,25.98828125
1024,Montgomery,0.008600007276982069,32.0,25.98828125
1024,Barrett,0.006999995093792677,28.7,25.98828125
1024,Montgomery,0.008300004992634058,29.7,25.98828125
1024,Barrett,0.011399999493733048,23.3,25.98828125
1024,Montgomery,0.01200000406242907,25.6,25.98828125
1024,Barrett,0.007299997378140688,24.6,25.98828125
1024,Montgomery,0.007800001185387373,22.6,25.98828125
1024,Barrett,0.006299989763647318,20.6,25.98828125
1024,Montgomery,0.007199996616691351,13.7,25.98828125
1024,Barrett,0.007099995855242014,13.8,25.98828125
1024,Montgomery,0.008000002708286047,14.2,25.98828125
1024,Barrett,0.00969998654909432,14.0,25.98828125
1024,Montgomery,0.009300012607127428,18.5,25.98828125
1024,Barrett,0.006999995093792677,13.7,25.98828125
1024,Montgomery,0.008100003469735384,14.7,25.98828125
1024,Barrett,0.007499998901039362,14.3,25.98828125
1024,Montgomery,0.00790000194683671,14.5,25.98828125
1024,Barrett,0.007499998901039362,17.1,25.98828125
1024,Montgomery,0.00790000194683671,13.6,25.98828125
1024,Barrett,0.00790000194683671,14.9,25.98828125
1024,Montgomery,0.008400005754083395,14.0,25.98828125
1024,Barrett,0.00689999433234334,13.9,26.00390625
1024,Montgomery,0.007299997378140688,16.6,26.00390625
1024,Barrett,0.030499999411404133,15.6,26.00390625
1024,Montgomery,0.018099992303177714,15.0,26.00390625
1024,Barrett,0.008400005754083395,16.8,26.0078125
1024,Montgomery,0.008300004992634058,15.6,26.0078125
1024,Barrett,0.00799997360445559,14.5,26.0078125
1024,Montgomery,0.00890000956133008,14.6,26.0078125
1024,Barrett,0.007399998139590025,14.9,26.0078125
1024,Montgomery,0.008000002708286047,15.3,26.0078125
1024,Barrett,0.01200000406242907,12.9,26.0078125
1024,Montgomery,0.010000017937272789,13.5,26.0078125
1024,Barrett,0.008200004231184721,13.7,26.01171875
1024,Montgomery,0.008700008038431406,15.4,26.01171875
1024,Barrett,0.007299997378140688,13.7,26.01171875
1024,Montgomery,0.008600007276982069,15.8,26.01171875
1024,Barrett,0.008300004992634058,14.6,26.01171875
1024,Montgomery,0.007800001185387373,14.4,26.01171875
1024,Barrett,0.008200004231184721,14.1,26.01171875
1024,Montgomery,0.008300004992634058,16.1,26.01171875
1024,Barrett,0.007700000423938036,13.8,26.01171875
1024,Montgomery,0.007700000423938036,14.4,26.01171875
1024,Barrett,0.009799987310543656,13.1,26.01171875
1024,Montgomery,0.010199990356341004,13.7,26.01171875
1024,Barrett,0.008700008038431406,14.1,26.01171875
1024,Montgomery,0.00799997360445559,15.9,26.01171875
1024,Barrett,0.014900026144459844,14.3,26.01171875
1024,Montgomery,0.02309997216798365,13.3,26.01171875
1024,Barrett,0.008399976650252938,13.3,26.01171875
1024,Montgomery,0.008100003469735384,15.6,26.01171875
1024,Barrett,0.00689999433234334,16.6,26.01171875
1024,Montgomery,0.007700000423938036,13.3,26.01171875
1024,Barrett,0.008300004992634058,16.8,26.01171875
1024,Montgomery,0.00890000956133008,13.6,26.01171875
1024,Barrett,0.007000024197623134,13.8,26.01171875
1024,Montgomery,0.008099974365904927,15.5,26.01171875
1024,Barrett,0.008000002708286047,14.1,26.01171875
1024,Montgomery,0.008799979696050286,13.8,26.01171875
1024,Barrett,0.006999995093792677,15.5,26.01171875
1024,Montgomery,0.008000002708286047,14.3,26.01171875
1024,Barrett,0.008400005754083395,14.6,26.01171875
1024,Montgomery,0.008399976650252938,14.7,26.01171875
1024,Barrett,0.009499985026195644,14.3,26.01171875
1024,Montgomery,0.008800008799880743,13.4,26.01171875
1024,Barrett,0.008200004231184721,15.6,26.01171875
1024,Montgomery,0.00899998121894896,15.9,26.01171875
2048,Barrett,0.21660001948469998,14.7,26.0390625
2048,Montgomery,0.1574000052642,14.2,26.0390625
2048,Barrett,0.010799994925037026,13.8,26.0390625
2048,Montgomery,0.016600009985268116,13.6,26.0390625
2048,Barrett,0.01200000406242907,14.0,26.0390625
2048,Montgomery,0.017000013031065464,16.0,26.0390625
2048,Barrett,0.011200027074664831,13.3,26.0390625
2048,Montgomery,0.016000005416572094,13.4,26.0390625
2048,Barrett,0.01889999839477241,13.5,26.0390625
2048,Montgomery,0.0205000105779618,15.3,26.04296875
2048,Barrett,0.016799982404336333,13.1,26.046875
2048,Montgomery,0.019800005247816443,15.1,26.046875
2048,Barrett,0.013500015484169126,15.9,26.046875
2048,Montgomery,0.02720000338740647,15.2,26.046875
2048,Barrett,0.010600022505968807,13.8,26.046875
2048,Montgomery,0.016299978597089648,14.8,26.046875
2048,Barrett,0.011099997209385036,16.2,26.046875
2048,Montgomery,0.016200006939470768,14.3,26.046875
2048,Barrett,0.01170000177808106,13.7,26.046875
2048,Montgomery,0.016499980119988322,13.7,26.046875
2048,Barrett,0.017799990018829703,13.3,26.046875
2048,Montgomery,0.01990000600926578,15.9,26.046875
2048,Barrett,0.017300015315413475,13.5,26.046875
2048,Montgomery,0.01920000067912042,14.7,26.046875
2048,Barrett,0.01069999416358769,14.8,26.046875
2048,Montgomery,0.016400008462369442,13.9,26.046875
2048,Barrett,0.026900001103058457,16.5,26.046875
2048,Montgomery,0.03580001066438854,14.0,26.046875
2048,Barrett,0.012500007869675756,16.1,26.046875
2048,Montgomery,0.016499980119988322,13.3,26.046875
2048,Barrett,0.011600001016631722,16.2,26.046875
2048,Montgomery,0.017200014553964138,14.0,26.046875
2048,Barrett,0.010499992640689015,14.0,26.046875
2048,Montgomery,0.01610000617802143,15.3,26.046875
2048,Barrett,0.02030000905506313,13.4,26.046875
2048,Montgomery,0.02979999408125877,13.5,26.046875
2048,Barrett,0.02139998832717538,15.1,26.046875
2048,Montgomery,0.016200006939470768,15.5,26.046875
2048,Barrett,0.011199997970834374,15.1,26.046875
2048,Montgomery,0.0171000137925148,15.2,26.046875
2048,Barrett,0.011099997209385036,12.9,26.046875
2048,Montgomery,0.016300007700920105,13.0,26.046875
2048,Barrett,0.010499992640689015,13.9,26.046875
2048,Montgomery,0.01659998088143766,14.9,26.046875
2048,Barrett,0.011500000255182384,16.0,26.046875
2048,Montgomery,0.017600017599761486,13.6,26.046875
2048,Barrett,0.01069999416358769,13.9,26.046875
2048,Montgomery,0.016600009985268116,14.6,26.046875
2048,Barrett,0.011299998732283711,14.6,26.03125
2048,Montgomery,0.016400008462369442,19.8,26.03125
2048,Barrett,0.011199997970834374,13.8,26.03125
2048,Montgomery,0.01729998621158302,13.4,26.03125
2048,Barrett,0.011399999493733048,16.3,26.03515625
2048,Montgomery,0.016399979358538985,14.5,26.03515625
2048,Barrett,0.010499992640689015,15.3,26.03515625
2048,Montgomery,0.01610000617802143,14.7,26.03515625
2048,Barrett,0.011299998732283711,14.1,26.03515625
2048,Montgomery,0.017000013031065464,14.5,26.03515625
2048,Barrett,0.011600001016631722,13.7,26.03515625
2048,Montgomery,0.01750001683831215,15.4,26.03515625
2048,Barrett,0.0171000137925148,13.8,26.03515625
2048,Montgomery,0.01960000372491777,13.8,26.03515625
2048,Barrett,0.016499980119988322,14.3,26.0390625
2048,Montgomery,0.026699999580159783,14.7,26.0390625
2048,Barrett,0.011899974197149277,15.5,26.0390625
2048,Montgomery,0.016700010746717453,17.6,26.0390625
2048,Barrett,0.011399999493733048,13.7,26.0390625
2048,Montgomery,0.017300015315413475,13.0,26.0390625
2048,Barrett,0.012299977242946625,13.1,26.0390625
2048,Montgomery,0.01750001683831215,13.6,26.0390625
2048,Barrett,0.01610000617802143,13.5,26.0390625
2048,Montgomery,0.019800005247816443,16.0,26.0390625
2048,Barrett,0.0109999964479357,14.3,26.0390625
2048,Montgomery,0.017099984688684344,13.1,26.0390625
2048,Barrett,0.011199997970834374,13.9,26.0390625
2048,Montgomery,0.018000020645558834,14.6,26.0390625
2048,Barrett,0.010199990356341004,16.3,26.0390625
2048,Montgomery,0.01650000922381878,13.7,26.0390625
2048,Barrett,0.01300001167692244,14.2,26.0390625
2048,Montgomery,0.01999997766688466,15.1,26.0390625
2048,Barrett,0.010599993402138352,13.4,26.0390625
2048,Montgomery,0.016400008462369442,16.0,26.0390625
2048,Barrett,0.011600001016631722,15.9,26.0390625
2048,Montgomery,0.02269999822601676,13.9,26.0390625
2048,Barrett,0.010399991879239678,14.9,26.0390625
2048,Montgomery,0.016300007700920105,14.2,26.0390625
2048,Barrett,0.017900019884109497,14.1,26.0390625
2048,Montgomery,0.019800005247816443,17.0,26.0390625
2048,Barrett,0.01069999416358769,13.9,26.0390625
2048,Montgomery,0.017200014553964138,14.8,26.0390625
2048,Barrett,0.009499985026195644,13.6,26.0390625
2048,Montgomery,0.016300007700920105,13.0,26.0390625
2048,Barrett,0.011199997970834374,16.5,26.0390625
2048,Montgomery,0.016700010746717453,14.6,26.0390625
2048,Barrett,0.010599993402138352,14.8,26.0390625
2048,Montgomery,0.018000020645558834,13.9,26.0390625
2048,Barrett,0.009899988071992992,13.8,26.0390625
2048,Montgomery,0.017600017599761486,15.4,26.04296875
2048,Barrett,0.010599993402138352,16.6,26.04296875
2048,Montgomery,0.016700010746717453,13.3,26.04296875
2048,Barrett,0.01170000177808106,13.6,26.04296875
2048,Montgomery,0.01810002140700817,14.4,26.04296875
2048,Barrett,0.011500000255182384,14.0,26.04296875
2048,Montgomery,0.016900012269616127,15.5,26.04296875
2048,Barrett,0.010099989594891667,13.9,26.04296875
2048,Montgomery,0.01610000617802143,14.8,26.04296875
2048,Barrett,0.012999982573091984,13.5,26.04296875
2048,Montgomery,0.017900019884109497,14.1,26.04296875
2048,Barrett,0.00999998883344233,14.0,26.04296875
2048,Montgomery,0.015400000847876072,15.7,26.04296875
2048,Barrett,0.012699980288743973,15.0,26.04296875
2048,Montgomery,0.03480000304989517,14.9,26.04296875
2048,Barrett,0.011199997970834374,14.0,26.046875
2048,Montgomery,0.01689998316578567,14.2,26.046875
2048,Barrett,0.010599993402138352,13.3,26.046875
2048,Montgomery,0.016700010746717453,16.0,26.046875
2048,Barrett,0.01029999111779034,15.4,26.046875
2048,Montgomery,0.016200006939470768,14.9,26.046875
2048,Barrett,0.01170000177808106,14.3,26.046875
2048,Montgomery,0.01759998849593103,15.8,26.046875
2048,Barrett,0.010499992640689015,17.1,26.046875
2048,Montgomery,0.01680001150816679,14.7,26.046875
2048,Barrett,0.01889999839477241,13.7,26.046875
2048,Montgomery,0.030099996365606785,13.4,26.046875
2048,Barrett,0.01200000406242907,14.4,26.046875
2048,Montgomery,0.017799990018829703,14.6,26.046875
2048,Barrett,0.011800002539530396,17.9,26.046875
2048,Montgomery,0.016699981642886996,15.2,26.046875
2048,Barrett,0.009899988071992992,14.2,26.046875
2048,Montgomery,0.016300007700920105,14.2,26.046875
2048,Barrett,0.01610000617802143,15.4,26.046875
2048,Montgomery,0.03579998156055808,14.5,26.046875
2048,Barrett,0.01230000634677708,15.6,26.046875
2048,Montgomery,0.01659998088143766,15.1,26.046875
2048,Barrett,0.01270000939257443,14.9,26.046875
2048,Montgomery,0.01759998849593103,14.1,26.046875
2048,Barrett,0.014399993233382702,14.1,26.05078125
2048,Montgomery,0.01829999382607639,17.2,26.05078125
2048,Barrett,0.01200000406242907,13.9,26.05078125
2048,Montgomery,0.016999983927235007,15.0,26.05078125
2048,Barrett,0.011500000255182384,13.7,26.05078125
2048,Montgomery,0.0171000137925148,14.5,26.05078125
2048,Barrett,0.010099989594891667,15.5,26.05078125
2048,Montgomery,0.016300007700920105,14.1,26.05078125
2048,Barrett,0.010899995686486363,14.6,26.05078125
2048,Montgomery,0.016700010746717453,14.3,26.05078125
2048,Barrett,0.01200000406242907,13.9,26.05078125
2048,Montgomery,0.01719998545013368,15.4,26.05078125
2048,Barrett,0.011500000255182384,15.4,26.05078125
2048,Montgomery,0.016400008462369442,14.4,26.05078125
2048,Barrett,0.012600008631125093,13.6,26.05078125
2048,Montgomery,0.017200014553964138,14.8,26.05078125
2048,Barrett,0.011299998732283711,14.0,26.05078125
2048,Montgomery,0.016600009985268116,15.6,26.05078125
2048,Barrett,0.0124999787658453,13.9,26.05078125
2048,Montgomery,0.017600017599761486,13.6,26.05078125
2048,Barrett,0.010400020983070137,15.2,26.05078125
2048,Montgomery,0.015700003132224083,12.8,26.05078125
2048,Barrett,0.010899995686486363,18.3,26.05078125
2048,Montgomery,0.016600009985268116,14.8,26.05078125
2048,Barrett,0.010499992640689015,14.8,26.05078125
2048,Montgomery,0.015900004655122757,13.6,26.05078125
2048,Barrett,0.011099997209385036,13.9,26.05078125
2048,Montgomery,0.01610000617802143,16.2,26.05078125
2048,Barrett,0.010499992640689015,13.8,26.0546875
2048,Montgomery,0.016900012269616127,13.7,26.0546875
2048,Barrett,0.013300013961270452,13.5,26.0546875
2048,Montgomery,0.01759998849593103,14.4,26.0546875
2048,Barrett,0.010800024028867485,14.7,26.0546875
2048,Montgomery,0.01619997783564031,15.1,26.0546875
2048,Barrett,0.010100018698722124,15.9,26.0546875
2048,Montgomery,0.01619997783564031,15.5,26.0546875
2048,Barrett,0.0109999964479357,15.3,26.0546875
2048,Montgomery,0.016000005416572094,14.7,26.0546875
2048,Barrett,0.01270000939257443,15.0,26.0546875
2048,Montgomery,0.01689998316578567,12.9,26.0546875
2048,Barrett,0.01230000634677708,13.7,26.0546875
2048,Montgomery,0.020800012862309813,14.5,26.0546875
2048,Barrett,0.015900004655122757,14.1,26.0546875
2048,Montgomery,0.018499995348975062,15.5,26.05859375
2048,Barrett,0.012200005585327744,13.0,26.05859375
2048,Montgomery,0.017399986973032355,14.5,26.05859375
2048,Barrett,0.01020001946017146,14.2,26.05859375
2048,Montgomery,0.015999976312741637,14.0,26.05859375
2048,Barrett,0.012800010154023768,14.9,26.05859375
2048,Montgomery,0.01689998316578567,15.4,26.05859375
2048,Barrett,0.010700023267418146,14.1,26.05859375
2048,Montgomery,0.016099977074190974,13.0,26.05859375
2048,Barrett,0.010499992640689015,14.5,26.05859375
2048,Montgomery,0.0171000137925148,16.0,26.05859375
2048,Barrett,0.009899988071992992,14.2,26.05859375
2048,Montgomery,0.015900004655122757,13.7,26.05859375
2048,Barrett,0.010100018698722124,13.3,26.05859375
2048,Montgomery,0.015600002370774746,15.4,26.05859375
2048,Barrett,0.010599993402138352,14.1,26.05859375
2048,Montgomery,0.017300015315413475,16.7,26.05859375
2048,Barrett,0.015900004655122757,15.4,26.05859375
2048,Montgomery,0.019899976905435324,13.9,26.05859375
2048,Barrett,0.011299998732283711,14.8,26.05859375
2048,Montgomery,0.017400016076862812,14.0,26.05859375
4096,Barrett,0.017999991541728377,15.3,26.0625
4096,Montgomery,0.04539999645203352,15.0,26.0625
4096,Barrett,0.023300002794712785,14.2,26.0703125
4096,Montgomery,0.04919999628327787,13.5,26.0703125
4096,Barrett,0.022899999748915437,14.1,26.07421875
4096,Montgomery,0.04749998333863914,14.0,26.07421875
4096,Barrett,0.02229999518021941,13.7,26.07421875
4096,Montgomery,0.04780001472681761,15.6,26.07421875
4096,Barrett,0.019800005247816443,15.8,26.07421875
4096,Montgomery,0.062499981140717864,14.3,26.07421875
4096,Barrett,0.03399999695830047,13.0,26.07421875
4096,Montgomery,0.06500000017695129,13.5,26.07421875
4096,Barrett,0.04110002191737294,13.3,26.07421875
4096,Montgomery,0.05289999535307288,16.1,26.07421875
4096,Barrett,0.02140001743100584,14.7,26.07421875
4096,Montgomery,0.04660000558942557,14.2,26.07421875
4096,Barrett,0.04230000195093453,13.9,26.07421875
4096,Montgomery,0.06730001769028604,13.1,26.07421875
4096,Barrett,0.04119999357499182,15.6,26.07421875
4096,Montgomery,0.05380000220611692,15.0,26.07421875
4096,Barrett,0.03270001616328955,15.7,26.07421875
4096,Montgomery,0.0625999819021672,13.4,26.07421875
4096,Barrett,0.02370000584051013,13.7,26.078125
4096,Montgomery,0.04770001396536827,14.7,26.078125
4096,Barrett,0.023100001271814108,13.8,26.078125
4096,Montgomery,0.04939999780617654,15.0,26.078125
4096,Barrett,0.02249999670311809,14.3,26.078125
4096,Montgomery,0.04709998029284179,17.8,26.078125
4096,Barrett,0.01960000372491777,14.5,26.078125
4096,Montgomery,0.06560000474564731,16.4,26.078125
4096,Barrett,0.023100001271814108,19.8,26.078125
4096,Montgomery,0.07499998901039362,14.0,26.078125
4096,Barrett,0.02169999061152339,13.5,26.078125
4096,Montgomery,0.07080001523718238,15.2,26.078125
4096,Barrett,0.030800001695752144,16.0,26.078125
4096,Montgomery,0.04529999569058418,14.2,26.078125
4096,Barrett,0.023800006601959467,12.9,26.078125
4096,Montgomery,0.0467000063508749,14.1,26.078125
4096,Barrett,0.023500004317611456,14.0,26.078125
4096,Montgomery,0.04729998181574047,15.2,26.078125
4096,Barrett,0.022099993657320734,14.9,26.078125
4096,Montgomery,0.04800001624971628,14.5,26.078125
4096,Barrett,0.02400000812485814,13.5,26.078125
4096,Montgomery,0.04879999323748052,14.0,26.078125
4096,Barrett,0.0289000163320452,13.1,26.078125
4096,Montgomery,0.07559999357908964,14.1,26.078125
4096,Barrett,0.01729998621158302,17.4,26.078125
4096,Montgomery,0.04430001717992127,13.4,26.078125
4096,Barrett,0.031100003980100155,14.5,26.078125
4096,Montgomery,0.051700015319511294,14.7,26.078125
4096,Barrett,0.0185999961104244,13.4,26.078125
4096,Montgomery,0.04469999112188816,14.5,26.078125
4096,Barrett,0.03060000017285347,15.0,26.078125
4096,Montgomery,0.06410002242773771,15.6,26.078125
4096,Barrett,0.024300010409206152,13.3,26.078125
4096,Montgomery,0.04859999171458185,15.9,26.078125
4096,Barrett,0.02950002090074122,13.5,26.078125
4096,Montgomery,0.07199999527074397,13.8,26.078125
4096,Barrett,0.02410000888630748,14.1,26.078125
4096,Montgomery,0.04719998105429113,15.2,26.078125
4096,Barrett,0.022899999748915437,13.6,26.078125
4096,Montgomery,0.04730001091957092,13.6,26.078125
4096,Barrett,0.018699996871873736,14.4,26.078125
4096,Montgomery,0.05930001498199999,16.3,26.078125
4096,Barrett,0.021599989850074053,13.8,26.08203125
4096,Montgomery,0.04830001853406429,25.5,26.08203125
4096,Barrett,0.03450000076554716,40.3,26.08203125
4096,Montgomery,0.054100004490464926,26.8,26.0859375
4096,Barrett,0.018499995348975062,13.5,26.0859375
4096,Montgomery,0.04539999645203352,13.9,26.0859375
4096,Barrett,0.023300002794712785,15.8,26.0859375
4096,Montgomery,0.04720001015812159,13.4,26.0859375
4096,Barrett,0.02070001210086048,14.9,26.0859375
4096,Montgomery,0.04509999416768551,27.2,26.0859375
4096,Barrett,0.02160001895390451,16.7,26.0859375
4096,Montgomery,0.04619997343979776,14.6,26.0859375
4096,Barrett,0.04579999949783087,14.3,26.0859375
4096,Montgomery,0.0906999921426177,14.9,26.0859375
4096,Barrett,0.023600005079060796,13.0,26.0859375
4096,Montgomery,0.04660000558942557,14.1,26.0859375
4096,Barrett,0.01889999839477241,17.2,26.0859375
4096,Montgomery,0.04459999036043882,13.9,26.0859375
4096,Barrett,0.018699996871873736,12.9,26.0859375
4096,Montgomery,0.06960000609979033,15.0,26.0859375
4096,Barrett,0.023100001271814108,13.9,26.0859375
4096,Montgomery,0.04990000161342323,14.3,26.0859375
4096,Barrett,0.023100001271814108,12.9,26.0859375
4096,Montgomery,0.04770001396536827,14.7,26.0859375
4096,Barrett,0.03339999238960445,19.4,26.0859375
4096,Montgomery,0.06210000719875097,13.9,26.0859375
4096,Barrett,0.03060000017285347,17.1,26.0859375
4096,Montgomery,0.0965000072028488,13.7,26.0859375
4096,Barrett,0.023600005079060796,13.1,26.0859375
4096,Montgomery,0.04689997876994312,13.1,26.0859375
4096,Barrett,0.05500001134350896,14.3,26.0859375
4096,Montgomery,0.09190000128000976,16.9,26.0859375
4096,Barrett,0.017699989257380366,13.5,26.0859375
4096,Montgomery,0.06680001388303936,13.1,26.0859375
4096,Barrett,0.019700004486367103,13.5,26.0859375
4096,Montgomery,0.04489999264478684,14.1,26.0859375
4096,Barrett,0.04419998731464148,13.7,26.0859375
4096,Montgomery,0.0892000098247081,15.1,26.0859375
4096,Barrett,0.022899999748915437,17.1,26.0859375
4096,Montgomery,0.05299999611452222,14.2,26.0859375
4096,Barrett,0.023100001271814108,15.9,26.0859375
4096,Montgomery,0.0475000124424696,14.2,26.0859375
4096,Barrett,0.04830001853406429,14.1,26.0859375
4096,Montgomery,0.129799998831,16.1,26.08984375
4096,Barrett,0.023300002794712785,13.4,26.08984375
4096,Montgomery,0.04779998562298715,15.7,26.08984375
4096,Barrett,0.02239999594166875,12.6,26.08984375
4096,Montgomery,0.050300004659220576,13.8,26.08984375
4096,Barrett,0.022899999748915437,13.2,26.08984375
4096,Montgomery,0.04949999856762588,13.7,26.08984375
4096,Barrett,0.01889999839477241,13.3,26.125
4096,Montgomery,0.05619999137707055,15.5,26.125
4096,Barrett,0.01810002140700817,15.3,26.125
4096,Montgomery,0.04509999416768551,14.3,26.125
4096,Barrett,0.03960001049563289,16.4,26.125
4096,Montgomery,0.05169998621568084,14.3,26.125
4096,Barrett,0.025200017262250185,13.3,25.921875
4096,Montgomery,0.0557999883312732,14.6,25.9375
4096,Barrett,0.02149998908862472,18.5,25.98046875
4096,Montgomery,0.046900007873773575,18.5,25.984375
4096,Barrett,0.015900004655122757,14.6,25.98828125
4096,Montgomery,0.04300000728107989,13.0,25.98828125
4096,Barrett,0.032899988582357764,14.6,25.9921875
4096,Montgomery,0.06569997640326619,14.0,25.9921875
4096,Barrett,0.02079998375847936,16.5,25.9921875
4096,Montgomery,0.05750000127591193,14.3,25.9921875
4096,Barrett,0.02269999822601676,13.3,25.9921875
4096,Montgomery,0.06429999484680593,14.7,25.9921875
4096,Barrett,0.030800001695752144,13.3,25.9921875
4096,Montgomery,0.06389999180100858,14.5,25.9921875
4096,Barrett,0.01829999382607639,14.3,25.9921875
4096,Montgomery,0.062000006437301636,16.7,25.9921875
4096,Barrett,0.03160000778734684,12.5,25.9921875
4096,Montgomery,0.045599997974932194,13.8,25.9921875
4096,Barrett,0.021199986804276705,13.3,25.9921875
4096,Montgomery,0.04959999932907522,14.7,25.9921875
4096,Barrett,0.022100022761151195,14.3,25.9921875
4096,Montgomery,0.04749998333863914,17.0,25.9921875
4096,Barrett,0.02519998815841973,20.8,25.9921875
4096,Montgomery,0.05139998393133283,19.6,25.9921875
4096,Barrett,0.03830000059679151,21.1,25.9921875
4096,Montgomery,0.05060000694356859,20.4,25.9921875
4096,Barrett,0.021100015146657825,19.5,25.9921875
4096,Montgomery,0.07009998080320656,31.6,25.9921875
4096,Barrett,0.01659998088143766,31.4,25.9921875
4096,Montgomery,0.04360001184977591,27.7,25.9921875
4096,Barrett,0.02440001117065549,27.0,25.99609375
4096,Montgomery,0.04859999171458185,30.3,25.99609375
4096,Barrett,0.02410000888630748,26.5,25.99609375
4096,Montgomery,0.046200002543628216,27.1,25.99609375
4096,Barrett,0.018999999156221747,30.6,25.99609375
4096,Montgomery,0.04539999645203352,23.2,25.99609375
4096,Barrett,0.02479998511262238,25.4,25.99609375
4096,Montgomery,0.04760001320391893,16.6,25.99609375
4096,Barrett,0.02609999501146376,19.4,25.99609375
4096,Montgomery,0.05080000846646726,14.7,25.99609375
4096,Barrett,0.021099986042827368,17.9,25.99609375
4096,Montgomery,0.04760001320391893,14.9,25.99609375
4096,Barrett,0.02149998908862472,14.1,25.99609375
4096,Montgomery,0.045500026317313313,16.1,26.01953125
4096,Barrett,0.042400002712383866,14.3,26.01953125
4096,Montgomery,0.05119998240843415,14.1,26.01953125
4096,Barrett,0.023200002033263445,13.9,26.01953125
4096,Montgomery,0.05729999975301325,16.7,26.01953125
4096,Barrett,0.024300010409206152,12.7,26.0234375
4096,Montgomery,0.046900007873773575,13.7,26.0234375
4096,Barrett,0.019799976143985987,13.7,26.0234375
4096,Montgomery,0.05210001836530864,15.5,26.0234375
4096,Barrett,0.022099993657320734,13.1,26.0234375
4096,Montgomery,0.04660000558942557,13.4,26.0234375
4096,Barrett,0.02229999518021941,13.7,26.0234375
4096,Montgomery,0.0467000063508749,18.0,26.0234375
4096,Barrett,0.03060000017285347,14.4,26.0234375
4096,Montgomery,0.07239999831654131,14.2,26.0234375
4096,Barrett,0.02269999822601676,13.9,26.0234375
4096,Montgomery,0.05609999061562121,16.6,26.08203125
4096,Barrett,0.01680001150816679,18.0,26.08203125
4096,Montgomery,0.0489999947603792,17.4,26.08203125
4096,Barrett,0.024599983589723703,13.9,26.08203125
4096,Montgomery,0.04770001396536827,13.1,26.08203125
4096,Barrett,0.022100022761151195,15.9,26.08203125
4096,Montgomery,0.04689997876994312,14.5,26.08203125
4096,Barrett,0.03019999712705612,13.7,26.08203125
4096,Montgomery,0.0653000024612993,14.1,26.08203125
4096,Barrett,0.02229999518021941,15.8,26.08203125
4096,Montgomery,0.0473999825771898,18.1,26.08203125
4096,Barrett,0.017200014553964138,14.1,26.08203125
4096,Montgomery,0.04429998807609081,15.2,26.08203125
4096,Barrett,0.03749999450519681,13.9,26.0859375
4096,Montgomery,0.046900007873773575,15.3,26.0859375
4096,Barrett,0.01810002140700817,13.5,26.0859375
4096,Montgomery,0.06689998554065824,15.9,26.0859375
4096,Barrett,0.022899999748915437,14.1,26.0859375
4096,Montgomery,0.05229999078437686,15.5,26.0859375
4096,Barrett,0.017799990018829703,13.5,26.0859375
4096,Montgomery,0.06280001252889633,13.1,26.0859375
